<?xml version="1.0" encoding="UTF-8"?>
<project-private xmlns="http://www.netbeans.org/ns/project-private/1">
    <editor-bookmarks xmlns="http://www.netbeans.org/ns/editor-bookmarks/2" lastBookmarkId="0"/>
    <open-files xmlns="http://www.netbeans.org/ns/projectui-open-files/2">
        <group>
<<<<<<< HEAD
            <file>file:/C:/Users/victor.maoliveira/Desktop/ProjetoIntegrador/ProjetoIntegrador%20vs%205.0/src/View/TelaVenda.java</file>
            <file>file:/C:/Users/victor.maoliveira/Desktop/ProjetoIntegrador/ProjetoIntegrador%20vs%205.0/src/Controller/ProdutoController.java</file>
            <file>file:/C:/Users/victor.maoliveira/Desktop/ProjetoIntegrador/ProjetoIntegrador%20vs%205.0/src/DAO/ProdutoDAO.java</file>
=======
            <file>file:/C:/Users/gabriela.vsmarques/Desktop/ProjetoFinal/ProjetoIntegrador/ProjetoIntegrador%20vs%205.0/src/Model/Login.java</file>
            <file>file:/C:/Users/gabriela.vsmarques/Desktop/ProjetoFinal/ProjetoIntegrador/ProjetoIntegrador%20vs%205.0/src/Controller/ClienteController.java</file>
            <file>file:/C:/Users/gabriela.vsmarques/Desktop/ProjetoFinal/ProjetoIntegrador/ProjetoIntegrador%20vs%205.0/src/DAO/ClienteDAO.java</file>
            <file>file:/C:/Users/gabriela.vsmarques/Desktop/ProjetoFinal/ProjetoIntegrador/ProjetoIntegrador%20vs%205.0/src/View/CadastrarCliente.java</file>
            <file>file:/C:/Users/gabriela.vsmarques/Desktop/ProjetoFinal/ProjetoIntegrador/ProjetoIntegrador%20vs%205.0/src/Controller/LoginController.java</file>
            <file>file:/C:/Users/gabriela.vsmarques/Desktop/ProjetoFinal/ProjetoIntegrador/ProjetoIntegrador%20vs%205.0/src/DAO/LoginDAO.java</file>
            <file>file:/C:/Users/gabriela.vsmarques/Desktop/ProjetoFinal/ProjetoIntegrador/ProjetoIntegrador%20vs%205.0/src/View/TelaCadastroSenha.java</file>
>>>>>>> 51ff54aaf31e96191e55bcef3ffdd796ef0ba756
        </group>
    </open-files>
</project-private>
